{"cameraMode":{"drawMode":0,"name":"Shaded","section":"Shading Mode"},"sceneLighting":true,"audioPlay":false,"sceneViewState":{"m_AlwaysRefresh":false,"showFog":true,"showSkybox":true,"showFlares":true,"showImageEffects":true,"showParticleSystems":true,"showVisualEffectGraphs":true,"m_FxEnabled":true},"in2DMode":false,"pivot":{"x":-0.7509943246841431,"y":1.4671616554260255,"z":5.236624717712402},"rotation":{"x":-0.06775778532028198,"y":0.000596039230003953,"z":-0.000040378025005338714,"w":-0.9977031946182251},"size":7.711067199707031,"orthographic":false}